{
    "time": 1737068905965,
    "product_id": "PI_XBTUSD",
    "funding_rate": 3.4709163e-11,
    "funding_rate_prediction": 8.412243e-12,
    "relative_funding_rate": 3.4644875e-06,
    "relative_funding_rate_prediction": 8.39375e-07,
    "next_funding_rate_time": 1737072000000,
    "leverage": "50x",
    "premium": 0.0,
    "feed": "ticker",
    "bid": 99705.0,
    "ask": 99755.5,
    "bid_size": 2700.0,
    "ask_size": 1068.0,
    "volume": 4003275.0,
    "dtm": 0,
    "index": 99723.41,
    "last": 99796.0,
    "change": -0.02,
    "suspended": false,
    "tag": "perpetual",
    "pair": "XBT:USD",
    "openInterest": 11095651.0,
    "markPrice": 99716.74933208678,
    "maturityTime": 0,
    "post_only": false,
    "volumeQuote": 4003275.0,
    "open": 99816.0,
    "high": 100860.5,
    "low": 97268.5
}